"motifString","centerPos","modificationType","fraction","nDetected","nGenome","groupTag","partnerMotifString","meanScore","meanIpdRatio","meanCoverage","objectiveScore"
"GNATWATNGCA","3","modified_base","1.0","5","5","GNATWATNGCA","","38.6","2.722","30.0","193.0"
"CATG","1","m6A","0.963929","1737","1802","CATG","CATG","52.84226","5.422868","30.0","88801.79"
"GATC","1","m6A","0.8402123","1425","1696","GATC","GATC","50.331226","4.3777704","30.0","61320.055"
"GNNNNVNH","0","modified_base","0.05321101","3828","71940","GNNNNVNH","","35.40935","3.1023834","30.0","9671.443"
"GNVVNTBH","0","modified_base","0.04541603","536","11802","GNVVNTBH","","34.830223","2.9693081","30.0","1155.0726"
"CNNNNRNH","0","m5C","0.021161688","1152","54438","CNNNNRNH","","37.25434","2.5690968","30.0","1335.4408"
