"motifString","centerPos","modificationType","fraction","nDetected","nGenome","groupTag","partnerMotifString","meanScore","meanIpdRatio","meanCoverage","objectiveScore"
"CATG","1","m6A","0.9672586","1743","1802","CATG","CATG","52.807804","5.4444346","30.0","89327.22"
"GATC","1","m6A","0.8443396","1432","1696","GATC","GATC","50.525837","4.466902","30.0","62132.953"
"GNNNNVNH","0","modified_base","0.052710593","3792","71940","GNNNNVNH","","35.31804","3.0786736","30.0","9474.864"
"CNNNNRNH","0","m5C","0.019287998","1050","54438","CNNNNRNH","","37.418095","2.5839715","30.0","1124.6812"
