"motifString","centerPos","modificationType","fraction","nDetected","nGenome","groupTag","partnerMotifString","meanScore","meanIpdRatio","meanCoverage","objectiveScore"
"CATG","1","m6A","0.9622642","1734","1802","CATG","CATG","52.890427","5.410684","30.0","88591.3"
"GATC","1","m6A","0.8408019","1426","1696","GATC","GATC","49.6122","4.3986177","30.0","60524.656"
"GNNNNVNH","0","modified_base","0.055254377","3975","71940","GNNNNVNH","","35.34264","3.07099","30.0","10369.699"
"CNNNNRNH","0","m5C","0.019875823","1082","54438","CNNNNRNH","","37.13401","2.5882792","30.0","1181.6577"
